set,subj,mean,std
Alexnet,1,0.41,0.11
Alexnet,2,0.74,0.16
Alexnet,3,0.89,0.17
Alexnet,4,1.0,0.18
Alexnet,5,1.0,0.17
Alexnet,6,1.0,0.15
Alexnet,7,1.0,0.19
Alexnet,8,1.0,0.17
Alexnet,9,0.99,0.18
GNet8j,1,0.29,0.1
GNet8j,2,0.62,0.14
GNet8j,3,0.79,0.16
GNet8j,4,1.0,0.22
GNet8j,5,1.0,0.19
GNet8j,6,1.0,0.16
GNet8j,7,1.0,0.23
GNet8j,8,1.0,0.16
GNet8j,9,0.9,0.18
GNet8r,1,0.13,0.06
GNet8r,2,0.17,0.06
GNet8r,3,0.33,0.09
GNet8r,4,0.4,0.1
GNet8r,5,0.48,0.13
GNet8r,6,0.34,0.08
GNet8r,7,0.29,0.08
GNet8r,8,0.12,0.03
GNet8r,9,0.29,0.08
Experimental,1,-0.51,0.11
Experimental,2,-0.09,0.09
Experimental,3,-0.02,0.09
Experimental,4,0.13,0.11
Experimental,5,0.17,0.1
Experimental,6,0.0,0.09
Experimental,7,0.41,0.11
Experimental,8,0.26,0.09
Experimental,9,-0.01,0.08
